"Work, Mexican, work."
"Work, Mexican, work.Work, Meheecan"
lot in life.
"Work, Mexican, work."
Nothing beats a blowjob on football Sunday.
Two people in love it's amazing. Tim Tebow please don't let us down. How about a hummer at halftime-?
"And our love grows
Like the mighty river of the Nileriver of the Nile
See it flow
We'll never be apart"
Do you think we could... Do you still want to...
AAAAAAAAAAAAA!
Hooray!
And heaven and heaven and nature sing.
"Ho ho ho! Who wouldn't go?
Ho ho ho! Who wouldn't go?"
Looked down where I lay.
asleep in (Santa: on) the hay.
"Let it snow, let it snow, let it snow."
"The fire is slowly dyin',"
"Let it snow, let it snow,"
OH!!!
